<?xml version="1.0" encoding="UTF-8"?>
<project name="timetable-generator" default="all">
  
  
  <property file="timetable-generator.properties"/>
  <!-- Uncomment the following property if no tests compilation is needed -->
  <!-- 
  <property name="skip.tests" value="true"/>
   -->
  
  <!-- Compiler options -->
  
  <property name="compiler.debug" value="on"/>
  <property name="compiler.generate.no.warnings" value="off"/>
  <property name="compiler.args" value=""/>
  <property name="compiler.max.memory" value="700m"/>
  <patternset id="ignored.files">
    <exclude name="**/*.hprof/**"/>
    <exclude name="**/*.pyc/**"/>
    <exclude name="**/*.pyo/**"/>
    <exclude name="**/*.rbc/**"/>
    <exclude name="**/*.yarb/**"/>
    <exclude name="**/*~/**"/>
    <exclude name="**/.DS_Store/**"/>
    <exclude name="**/.git/**"/>
    <exclude name="**/.hg/**"/>
    <exclude name="**/.svn/**"/>
    <exclude name="**/CVS/**"/>
    <exclude name="**/__pycache__/**"/>
    <exclude name="**/_svn/**"/>
    <exclude name="**/vssver.scc/**"/>
    <exclude name="**/vssver2.scc/**"/>
  </patternset>
  <patternset id="library.patterns">
    <include name="*.war"/>
    <include name="*.swc"/>
    <include name="*.zip"/>
    <include name="*.egg"/>
    <include name="*.ane"/>
    <include name="*.jar"/>
    <include name="*.ear"/>
  </patternset>
  <patternset id="compiler.resources">
    <exclude name="**/?*.java"/>
    <exclude name="**/?*.form"/>
    <exclude name="**/?*.class"/>
    <exclude name="**/?*.groovy"/>
    <exclude name="**/?*.scala"/>
    <exclude name="**/?*.flex"/>
    <exclude name="**/?*.kt"/>
    <exclude name="**/?*.clj"/>
    <exclude name="**/?*.aj"/>
  </patternset>
  
  <!-- JDK definitions -->
  
  <property name="jdk.bin.1.8" value="${jdk.home.1.8}/bin"/>
  <path id="jdk.classpath.1.8">
    <fileset dir="${jdk.home.1.8}">
      <include name="jre/lib/charsets.jar"/>
      <include name="jre/lib/deploy.jar"/>
      <include name="jre/lib/ext/access-bridge-64.jar"/>
      <include name="jre/lib/ext/cldrdata.jar"/>
      <include name="jre/lib/ext/dnsns.jar"/>
      <include name="jre/lib/ext/jaccess.jar"/>
      <include name="jre/lib/ext/jfxrt.jar"/>
      <include name="jre/lib/ext/localedata.jar"/>
      <include name="jre/lib/ext/nashorn.jar"/>
      <include name="jre/lib/ext/sunec.jar"/>
      <include name="jre/lib/ext/sunjce_provider.jar"/>
      <include name="jre/lib/ext/sunmscapi.jar"/>
      <include name="jre/lib/ext/sunpkcs11.jar"/>
      <include name="jre/lib/ext/zipfs.jar"/>
      <include name="jre/lib/javaws.jar"/>
      <include name="jre/lib/jce.jar"/>
      <include name="jre/lib/jfr.jar"/>
      <include name="jre/lib/jfxswt.jar"/>
      <include name="jre/lib/jsse.jar"/>
      <include name="jre/lib/management-agent.jar"/>
      <include name="jre/lib/plugin.jar"/>
      <include name="jre/lib/resources.jar"/>
      <include name="jre/lib/rt.jar"/>
    </fileset>
  </path>
  
  <property name="project.jdk.home" value="${jdk.home.1.8}"/>
  <property name="project.jdk.bin" value="${jdk.bin.1.8}"/>
  <property name="project.jdk.classpath" value="jdk.classpath.1.8"/>
  <!-- Register Custom Compiler Taskdefs -->
  <property name="javac2.home" value="${idea.home}/lib"/>
  <path id="javac2.classpath">
    <fileset dir="${javac2.home}">
      <include name="javac2.jar"/>
      <include name="jdom.jar"/>
      <include name="asm-all*.jar"/>
      <include name="forms-*.jar"/>
    </fileset>
  </path>
  <target name="register.custom.compilers">
    <taskdef name="javac2" classname="com.intellij.ant.Javac2" classpathref="javac2.classpath"/>
    <taskdef name="instrumentIdeaExtensions" classname="com.intellij.ant.InstrumentIdeaExtensions" classpathref="javac2.classpath"/>
  </target>
  
  <!-- Modules -->
  
  
  <!-- Module Timetable-Generator -->
  
  <dirname property="module.timetable-generator.basedir" file="${ant.file}"/>
  
  
  <property name="module.jdk.home.timetable-generator" value="${project.jdk.home}"/>
  <property name="module.jdk.bin.timetable-generator" value="${project.jdk.bin}"/>
  <property name="module.jdk.classpath.timetable-generator" value="${project.jdk.classpath}"/>
  
  <property name="compiler.args.timetable-generator" value="-encoding UTF-8 -source 8 -target 8 ${compiler.args}"/>
  
  <property name="timetable-generator.output.dir" value="${module.timetable-generator.basedir}/out/production/Timetable-Generator"/>
  <property name="timetable-generator.testoutput.dir" value="${module.timetable-generator.basedir}/out/test/Timetable-Generator"/>
  
  <path id="timetable-generator.module.bootclasspath">
    <!-- Paths to be included in compilation bootclasspath -->
  </path>
  
  <path id="timetable-generator.module.production.classpath">
    <path refid="${module.jdk.classpath.timetable-generator}"/>
  </path>
  
  <path id="timetable-generator.runtime.production.module.classpath">
    <pathelement location="${timetable-generator.output.dir}"/>
  </path>
  
  <path id="timetable-generator.module.classpath">
    <path refid="${module.jdk.classpath.timetable-generator}"/>
    <pathelement location="${timetable-generator.output.dir}"/>
  </path>
  
  <path id="timetable-generator.runtime.module.classpath">
    <pathelement location="${timetable-generator.testoutput.dir}"/>
    <pathelement location="${timetable-generator.output.dir}"/>
  </path>
  
  
  <patternset id="excluded.from.module.timetable-generator">
    <patternset refid="ignored.files"/>
  </patternset>
  
  <patternset id="excluded.from.compilation.timetable-generator">
    <patternset refid="excluded.from.module.timetable-generator"/>
  </patternset>
  
  <path id="timetable-generator.module.sourcepath">
    <dirset dir="${module.timetable-generator.basedir}">
      <include name="src"/>
    </dirset>
  </path>
  
  
  <target name="compile.module.timetable-generator" depends="compile.module.timetable-generator.production,compile.module.timetable-generator.tests" description="Compile module Timetable-Generator"/>
  
  <target name="compile.module.timetable-generator.production" depends="register.custom.compilers" description="Compile module Timetable-Generator; production classes">
    <mkdir dir="${timetable-generator.output.dir}"/>
    <javac2 destdir="${timetable-generator.output.dir}" debug="${compiler.debug}" nowarn="${compiler.generate.no.warnings}" memorymaximumsize="${compiler.max.memory}" fork="true" executable="${module.jdk.bin.timetable-generator}/javac">
      <compilerarg line="${compiler.args.timetable-generator}"/>
      <bootclasspath refid="timetable-generator.module.bootclasspath"/>
      <classpath refid="timetable-generator.module.production.classpath"/>
      <src refid="timetable-generator.module.sourcepath"/>
      <patternset refid="excluded.from.compilation.timetable-generator"/>
    </javac2>
    
    <copy todir="${timetable-generator.output.dir}">
      <fileset dir="${module.timetable-generator.basedir}/src">
        <patternset refid="compiler.resources"/>
        <type type="file"/>
      </fileset>
    </copy>
  </target>
  
  <target name="compile.module.timetable-generator.tests" depends="register.custom.compilers,compile.module.timetable-generator.production" description="compile module Timetable-Generator; test classes" unless="skip.tests"/>
  
  <target name="clean.module.timetable-generator" description="cleanup module">
    <delete dir="${timetable-generator.output.dir}"/>
    <delete dir="${timetable-generator.testoutput.dir}"/>
  </target>
  
  <target name="init" description="Build initialization">
    <!-- Perform any build initialization in this target -->
  </target>
  
  <target name="clean" depends="clean.module.timetable-generator, clean.artifact.timetable-generator" description="cleanup all"/>
  
  <target name="build.modules" depends="init, clean, compile.module.timetable-generator" description="build all modules"/>
  
  <target name="init.artifacts">
    <property name="artifacts.temp.dir" value="${basedir}/__artifacts_temp"/>
    <property name="artifact.output.timetable-generator" value="${basedir}/out/artifacts/Timetable_Generator"/>
    <mkdir dir="${artifacts.temp.dir}"/>
    <property name="artifact.temp.output.Timetable_Generator" value="${artifacts.temp.dir}/Timetable_Generator.jar"/>
    <taskdef resource="com/sun/javafx/tools/ant/antlib.xml" uri="javafx:com.sun.javafx.tools.ant" classpath="${jdk.home.1.8}/lib/ant-javafx.jar"/>
  </target>
  
  <target name="clean.artifact.timetable-generator" description="clean Timetable-Generator artifact output">
    <delete dir="${artifact.output.timetable-generator}"/>
  </target>
  
  <target name="artifact.timetable-generator" depends="init.artifacts, compile.module.timetable-generator" description="Build &#39;Timetable-Generator&#39; artifact" xmlns:fx="javafx:com.sun.javafx.tools.ant">
    <mkdir dir="${artifact.output.timetable-generator}"/>
    <copy todir="${artifact.temp.output.Timetable_Generator}">
      <fileset dir="${timetable-generator.output.dir}"/>
    </copy>
    <fx:fileset id="all_but_Timetable_Generator" dir="${artifact.temp.output.Timetable_Generator}" includes="**/*.jar">
      <exclude name="Timetable_Generator.jar"/>
    </fx:fileset>
    <fx:fileset id="all_Timetable_Generator" dir="${artifact.temp.output.Timetable_Generator}" includes="**/*.jar"/>
    <fx:application id="Timetable_Generator_id" name="Timetable-Generator" mainClass="view.App" version="v1.0"/>
    <fx:jar destfile="${artifact.temp.output.Timetable_Generator}/Timetable_Generator.jar">
      <fx:application refid="Timetable_Generator_id"/>
      <fileset dir="${artifact.temp.output.Timetable_Generator}" excludes="**/*.jar"/>
      <fx:resources>
        <fx:fileset refid="all_but_Timetable_Generator"/>
      </fx:resources>
      <manifest>
        <attribute name="Implementation-Title" value="Time-table Generator"/>
        <attribute name="Implementation-Version" value="v1.0"/>
        <attribute name="Implementation-Vendor" value=""/>
      </manifest>
    </fx:jar>
    <fx:deploy width="600" height="400" updatemode="background" outdir="${artifact.temp.output.Timetable_Generator}/deploy" outfile="Timetable_Generator">
      <fx:application refid="Timetable_Generator_id"/>
      <fx:info title="Time-table Generator"/>
      <fx:resources>
        <fx:fileset refid="all_Timetable_Generator"/>
      </fx:resources>
    </fx:deploy>
    <copy todir="${artifact.output.timetable-generator}">
      <fileset dir="${artifact.temp.output.Timetable_Generator}/deploy"/>
    </copy>
    <delete includeemptydirs="true">
      <fileset dir="${artifact.temp.output.Timetable_Generator}"/>
    </delete>
  </target>
  
  <target name="build.all.artifacts" depends="artifact.timetable-generator" description="Build all artifacts">
    
    <!-- Delete temporary files -->
    <delete dir="${artifacts.temp.dir}"/>
  </target>
  
  <target name="all" depends="build.modules, build.all.artifacts" description="build all"/>
</project>